house_growth,name,townhouse_growth,unit_growth,apartment_growth,h_mean,t_mean,u_mean,a_mean
"year
2008         NaN
2009    0.008950
2010    0.081452
2011    0.088740
2012   -0.027397
2013   -0.008451
2014    0.051136
2015    0.013514
2016    0.093333
2017    0.178049
2018    0.077122
Name: price, dtype: float64",Pakenham,,,,0.09372449320601889,,,
"year
2008         NaN
2009    0.014966
2010    0.246649
2011   -0.032258
2012    0.028889
2013   -0.028078
2014    0.077778
2015    0.090722
2016    0.077505
2017    0.122807
2018    0.046875
Name: price, dtype: float64",Berwick,,,,0.10140965557345102,,,
"year
2008         NaN
2009    0.142241
2010    0.109434
2011    0.053061
2012   -0.090439
2013    0.079545
2014   -0.032237
2015    0.064582
2016    0.088123
2017    0.201878
2018    0.074219
Name: price, dtype: float64",Craigieburn,,,,0.1098305634944774,,,
"year
2008         NaN
2009    0.132979
2010    0.079812
2011   -0.113043
2012    0.144608
2013    0.042113
2014   -0.013699
2015    0.044444
2016    0.063830
2017    0.237500
2018    0.105051
Name: price, dtype: float64",Sunbury,,,,0.11905972416259222,,,
"year
2008         NaN
2009    0.099476
2010    0.183175
2011   -0.007244
2012   -0.116216
2013    0.107034
2014    0.050138
2015    0.124030
2016    0.099930
2017    0.260638
2018    0.012657
Name: price, dtype: float64",Frankston,,,,0.1309135046882249,,,
"year
2008         NaN
2009    0.089866
2010    0.201754
2011   -0.054745
2012   -0.011583
2013    0.031250
2014    0.030303
2015    0.075403
2016    0.141159
2017    0.246255
2018    0.059615
Name: price, dtype: float64",Hoppers Crossing,,,,0.13183209449505165,,,
"year
2008         NaN
2009    0.032186
2010    0.167250
2011    0.035714
2012    0.000000
2013    0.057241
2014    0.017613
2015    0.026141
2016    0.099464
2017    0.170455
2018    0.106796
Name: price, dtype: float64",Tarneit,,,,0.11575063380443265,,,
"year
2008         NaN
2009    0.080882
2010    0.077551
2011    0.035354
2012    0.000000
2013    0.036585
2014    0.035294
2015    0.090909
2016    0.104167
2017    0.150943
2018    0.032787
Name: price, dtype: float64",Narre Warren South,,,,0.10337517235679146,,,
"year
2008         NaN
2009    0.018868
2010    0.111111
2011    0.033333
2012   -0.051075
2013   -0.026629
2014    0.046566
2015    0.079588
2016    0.094225
2017    0.123352
2018    0.047779
Name: price, dtype: float64",Point Cook,,,,0.0795309633253952,,,
"year
2008         NaN
2009    0.117078
2010    0.247115
2011    0.025443
2012   -0.022556
2013    0.076923
2014   -0.028571
2015    0.064706
2016    0.104972
2017    0.187500
2018    0.067368
Name: price, dtype: float64",Werribee,,,,0.12864295435236592,,,
"year
2008         NaN
2009    0.074135
2010    0.144172
2011   -0.008043
2012   -0.025676
2013    0.040222
2014    0.029012
2015    0.128591
2016    0.125144
2017    0.214286
2018    0.025210
Name: price, dtype: float64",Narre Warren,,,,0.12163305684333961,,,
"year
2008         NaN
2009    0.024390
2010    0.136905
2011    0.036649
2012   -0.010101
2013   -0.010204
2014    0.082474
2015    0.130952
2016    0.107789
2017    0.292284
2018    0.006471
Name: price, dtype: float64",Mornington,,,,0.13261916394918724,,,
"year
2008         NaN
2009    0.038130
2010    0.208531
2011   -0.047059
2012    0.029835
2013    0.030969
2014    0.047481
2015    0.093432
2016    0.099831
2017    0.353846
2018   -0.051136
Name: price, dtype: float64",Reservoir,,,,0.13037608107853044,,,
"year
2008         NaN
2009    0.177419
2010    0.156773
2011    0.105263
2012   -0.130952
2013   -0.013699
2014    0.027778
2015    0.156757
2016    0.196262
2017    0.210938
2018    0.000000
Name: price, dtype: float64",St Albans,,,,0.1381233179896518,,,
"year
2008         NaN
2009    0.004878
2010    0.169094
2011    0.038062
2012    0.000000
2013    0.026667
2014    0.025974
2015    0.040506
2016    0.124088
2017    0.212121
2018    0.053571
Name: price, dtype: float64",Rosebud,,,,0.11417094693347404,,,
"year
2008         NaN
2009    0.056338
2010    0.120000
2011    0.001190
2012    0.046373
2013    0.011364
2014    0.011236
2015    0.055556
2016    0.094737
2017    0.115385
2018    0.034483
Name: price, dtype: float64",Caroline Springs,,,,0.08606321904332079,,,
"year
2008         NaN
2009    0.125506
2010    0.151079
2011    0.031250
2012   -0.015152
2013    0.038462
2014    0.000000
2015    0.081481
2016    0.105479
2017    0.288724
2018    0.029808
Name: price, dtype: float64",Cranbourne,,,,0.13330287165245056,,,
"year
2008         NaN
2009   -0.041463
2010    0.175573
2011   -0.027056
2012   -0.054505
2013    0.000000
2014    0.040941
2015    0.113246
2016    0.137056
2017    0.133929
2018    0.047244
Name: price, dtype: float64",Rye,,,,0.09072740466840709,,,
"year
2008         NaN
2009    0.072727
2010    0.115169
2011   -0.006763
2012   -0.020658
2013    0.029688
2014    0.016692
2015    0.104478
2016    0.108108
2017    0.243902
2018    0.078431
Name: price, dtype: float64",Hampton Park,,,,0.12442120309798932,,,
"year
2008         NaN
2009    0.117137
2010    0.262136
2011   -0.092308
2012    0.084746
2013   -0.093750
2014    0.137931
2015    0.038636
2016    0.108680
2017    0.197368
2018    0.088463
Name: price, dtype: float64",Wyndham Vale,,,,0.13353528804369635,,,
"year
2008         NaN
2009    0.172285
2010    0.106936
2011   -0.060052
2012    0.022917
2013    0.033265
2014    0.024967
2015    0.038462
2016    0.160494
2017    0.212766
2018    0.057018
Name: price, dtype: float64",Epping,,,,0.1234262469906831,,,
"year
2008         NaN
2009    0.063636
2010    0.196581
2011    0.054286
2012   -0.065041
2013   -0.023188
2014    0.023739
2015    0.072464
2016    0.162162
2017    0.232558
2018    0.081132
Name: price, dtype: float64",Carrum Downs,,,,0.13078164547984725,,,
"year
2008         NaN
2009   -0.006061
2010    0.253049
2011    0.119343
2012   -0.190849
2013    0.121558
2014    0.005988
2015    0.071429
2016    0.100000
2017    0.183838
2018    0.061007
Name: price, dtype: float64",Langwarrin,,,,0.11496026361691322,,,
"year
2008         NaN
2009    0.025210
2010    0.147541
2011   -0.028571
2012    0.012868
2013    0.310345
2014    0.063712
2015    0.135417
2016    0.077982
2017    0.063830
2018   -0.022000
Name: price, dtype: float64",Glen Waverley,,,,0.12009603226104734,,,
"year
2008         NaN
2009    0.200000
2010    0.047980
2011    0.012048
2012    0.011905
2013   -0.023529
2014    0.030120
2015    0.122807
2016    0.145833
2017    0.159091
2018    0.003922
Name: price, dtype: float64",Mill Park,,,,0.11041915226343027,,,
"year
2008         NaN
2009    0.153846
2010    0.228889
2011   -0.102622
2012    0.108312
2013   -0.014545
2014    0.010148
2015    0.059361
2016    0.172414
2017    0.323529
2018    0.016667
Name: price, dtype: float64",Frankston South,,,,0.1515841301391801,,,
"year
2008         NaN
2009    0.088235
2010    0.189189
2011    0.000000
2012    0.000000
2013    0.072727
2014    0.038136
2015    0.016327
2016    0.104418
2017    0.079688
2018    0.059228
Name: price, dtype: float64",Highton,,,,0.09797649233462373,,,
"year
2008         NaN
2009   -0.156681
2010    0.187872
2011   -0.099099
2012    0.234722
2013   -0.001125
2014    0.081081
2015    0.100833
2016    0.241484
2017    0.121951
2018   -0.016304
Name: price, dtype: float64",Rowville,,,,0.11861076531247017,,,
"year
2008         NaN
2009    0.094432
2010    0.101247
2011   -0.003623
2012   -0.009091
2013    0.039450
2014    0.116505
2015    0.086957
2016    0.225455
2017    0.127596
2018    0.095789
Name: price, dtype: float64",Mount Martha,,,,0.14411729170297263,,,
"year
2010         NaN
2011    0.127424
2012    0.081081
2013    0.440909
2014   -0.022082
2015    0.057258
2016    0.006865
2017    0.083939
2018    0.029494
Name: price, dtype: float64",Wodonga,,,,0.15417067568034643,,,
"year
2008         NaN
2009   -0.143902
2010    0.183048
2011    0.001806
2012   -0.034255
2013    0.144991
2014    0.079348
2015    0.144008
2016    0.091549
2017    0.291129
2018   -0.146159
Name: price, dtype: float64",Ferntree Gully,,,,0.10306294974686606,,,
"year
2008         NaN
2009    0.222222
2010    0.074866
2011    0.069652
2012   -0.162791
2013    0.013889
2014    0.068493
2015    0.060256
2016    0.054414
2017    0.169725
2018    0.068627
Name: price, dtype: float64",Roxburgh Park,,,,0.0987458918887684,,,
"year
2008         NaN
2009    0.132075
2010    0.086667
2011    0.039877
2012    0.032448
2013    0.014286
2014    0.056338
2015    0.022667
2016    0.088657
2017    0.166467
2018    0.098563
Name: price, dtype: float64",Belmont,,,,0.1169649460025843,,,
"year
2008         NaN
2009    0.037000
2010    0.107570
2011   -0.046763
2012   -0.002264
2013    0.276853
2014    0.149289
2015    0.278351
2016   -0.010645
2017    0.103888
2018   -0.054827
Name: price, dtype: float64",Mount Waverley,,,,0.13017320385331882,,,
"year
2008         NaN
2009    0.362319
2010   -0.092553
2011    0.148886
2012    0.000000
2013   -0.183673
2014    0.015940
2015    0.107349
2016    0.077778
2017    0.136598
2018    0.071746
Name: price, dtype: float64",Doreen,,,,0.09565540661648642,,,
"year
2008         NaN
2009    0.068116
2010    0.166893
2011    0.032558
2012    0.069820
2013   -0.098947
2014   -0.007009
2015    0.070588
2016    0.095604
2017    0.203611
2018    0.026667
Name: price, dtype: float64",South Morang,,,,0.09879180570594791,,,
"year
2008         NaN
2009    0.118602
2010    0.176339
2011   -0.058824
2012   -0.052419
2013    0.085106
2014    0.062745
2015    0.088561
2016    0.059322
2017    0.312000
2018    0.000305
Name: price, dtype: float64",Bundoora,,,,0.1271006034424805,,,
"year
2008         NaN
2009   -0.187500
2010    0.200000
2011    0.009615
2012   -0.019048
2013    0.003236
2014   -0.064516
2015    0.086207
2016    0.101587
2017    0.195965
2018    0.108434
Name: price, dtype: float64",Melton West,,,,0.08398225266364784,,,
"year
2008         NaN
2009    0.299124
2010   -0.129145
2011    0.191950
2012   -0.044156
2013    0.005435
2014    0.013514
2015    0.146667
2016    0.060465
2017    0.184211
2018    0.092593
Name: price, dtype: float64",Cranbourne North,,,,0.12849093362085615,,,
"year
2008         NaN
2009    0.086667
2010   -0.026074
2011    0.062992
2012   -0.103704
2013    0.355372
2014    0.048780
2015    0.023256
2016    0.136364
2017    0.175000
2018    0.008723
Name: price, dtype: float64",Mount Eliza,,,,0.12467924377829824,,,
"year
2008         NaN
2009    0.022530
2010    0.100847
2011    0.077752
2012    0.007143
2013   -0.001418
2014    0.051136
2015    0.000000
2016    0.094595
2017    0.061728
2018    0.151163
Name: price, dtype: float64",Grovedale,,,,0.0926448388014543,,,
"year
2008         NaN
2009    0.061256
2010   -0.142857
2011    0.145390
2012    0.021672
2013    0.060606
2014    0.068571
2015    0.711230
2016   -0.015625
2017    0.041270
2018    0.036585
Name: price, dtype: float64",Mildura,,,,0.1648473491244454,,,
"year
2008         NaN
2009    0.141176
2010    0.174405
2011   -0.049200
2012    0.029429
2013    0.055493
2014    0.131174
2015    0.110024
2016    0.082749
2017    0.316016
2018   -0.013773
Name: price, dtype: float64",Croydon,,,,0.15438117413278424,,,
"year
2008         NaN
2009    0.032505
2010    0.094444
2011    0.005076
2012    0.107744
2013    0.012158
2014    0.031532
2015   -0.003639
2016    0.081081
2017    0.148649
2018    0.117647
Name: price, dtype: float64",Warragul,,,,0.1032703038293921,,,
"year
2008         NaN
2009    0.073529
2010    0.075342
2011    0.031847
2012   -0.027778
2013    0.033016
2014    0.057160
2015    0.162791
2016    0.097000
2017    0.130356
2018    0.032258
Name: price, dtype: float64",Endeavour Hills,,,,0.10783219687376935,,,
"year
2008         NaN
2009    0.068103
2010    0.129944
2011   -0.057143
2012   -0.060606
2013    0.210887
2014    0.215451
2015    0.132603
2016    0.074020
2017    0.144144
2018   -0.080709
Name: price, dtype: float64",Bentleigh East,,,,0.12038821705617983,,,
"year
2008         NaN
2009    0.041206
2010   -0.018233
2011    0.071429
2012    0.049275
2013    0.022099
2014   -0.023649
2015   -0.003460
2016    0.097222
2017    0.139241
2018    0.171111
Name: price, dtype: float64",Lara,,,,0.09564984160805463,,,
"year
2008         NaN
2009    0.107459
2010    0.262557
2011   -0.091320
2012   -0.024876
2013    0.061224
2014    0.090625
2015    0.103813
2016    0.054313
2017    0.320455
2018   -0.014343
Name: price, dtype: float64",Greensborough,,,,0.13709913655826853,,,
"year
2008         NaN
2009    0.155909
2010    0.069603
2011    0.008088
2012   -0.019694
2013    0.257440
2014    0.088757
2015    0.221739
2016    0.085409
2017    0.112705
2018   -0.101289
Name: price, dtype: float64",Doncaster East,,,,0.13083937880048718,,,
"year
2008         NaN
2009    0.083091
2010    0.155779
2011    0.011014
2012   -0.011353
2013    0.097320
2014   -0.016913
2015    0.182796
2016    0.090907
2017    0.125002
2018   -0.006667
Name: price, dtype: float64",Mooroolbark,,,,0.1094235041249912,,,
"year
2009         NaN
2010    0.305483
2011    0.043000
2012   -0.061361
2013    0.002554
2014    0.079980
2015   -0.009434
2016    0.061905
2017    0.096861
2018    0.062960
Name: price, dtype: float64",Ocean Grove,,,,0.09707977882830011,,,
"year
2008         NaN
2009    0.095200
2010    0.154127
2011    0.063291
2012   -0.079762
2013    0.065977
2014    0.010922
2015    0.164466
2016    0.134021
2017    0.109091
2018    0.040984
Name: price, dtype: float64",Dandenong North,,,,0.11867940242645814,,,
"year
2008         NaN
2009    0.127002
2010    0.223350
2011   -0.068880
2012    0.042781
2013    0.090598
2014    0.018809
2015    0.276923
2016    0.110241
2017    0.097124
2018    0.000000
Name: price, dtype: float64",Preston,,,,0.13978028293624106,,,
"year
2008         NaN
2009    0.104101
2010    0.131429
2011    0.085859
2012   -0.104651
2013    0.050649
2014    0.113820
2015    0.032095
2016    0.193548
2017    0.202703
2018    0.018727
Name: price, dtype: float64",Seaford,,,,0.13209517435265564,,,
"year
2008         NaN
2009    0.150862
2010    0.089888
2011    0.099656
2012   -0.040625
2013    0.001629
2014    0.040650
2015    0.056250
2016    0.079882
2017    0.095890
2018    0.137500
Name: price, dtype: float64",Drouin,,,,0.11105791192258196,,,
"year
2008         NaN
2009   -0.056140
2010   -0.022305
2011    0.501901
2012   -0.113924
2013   -0.011429
2014    0.054913
2015    0.032192
2016   -0.000664
2017    0.115538
2018    0.083333
Name: price, dtype: float64",Bacchus Marsh,,,,0.09148962217182635,,,
"year
2008         NaN
2009   -0.100000
2010    1.123016
2011   -0.314019
2012   -0.057221
2013    0.121387
2014    0.097938
2015    0.068075
2016    0.041758
2017    0.057384
2018    0.044294
Name: price, dtype: float64",Richmond,,,,0.14765771733350386,,,
"year
2008         NaN
2009    0.197802
2010    0.128440
2011   -0.101626
2012    0.031674
2013    0.049123
2014    0.148829
2015    0.251820
2016    0.054070
2017    0.136238
2018   -0.043204
Name: price, dtype: float64",Coburg,,,,0.1293615932388416,,,
"year
2011         NaN
2012   -0.118527
2013    0.475065
2014   -0.442429
2015    0.019048
2016   -0.026480
2017    0.024000
2018   -0.010938
Name: price, dtype: float64",Warrnambool,,,,-0.021826171571453147,,,
"year
2008         NaN
2009    0.071429
2010    0.166667
2011    0.028571
2012    0.020833
2013   -0.053061
2014    0.048851
2015    0.071233
2016    0.138107
2017    0.236517
2018    0.054066
Name: price, dtype: float64",Deer Park,,,,0.12706539654225485,,,
"year
2009         NaN
2012   -0.108239
2013    0.398551
2014    0.033834
2015    0.296171
2016   -0.130014
2017   -0.002222
2018    0.102450
Name: price, dtype: float64",Horsham,,,,0.13865260388420345,,,
"year
2008         NaN
2009    0.007496
2010    0.220238
2011   -0.045122
2012   -0.080460
2013    0.054861
2014    0.038183
2015    0.128725
2016    0.123596
2017    0.210000
2018    0.024793
Name: price, dtype: float64",Lalor,,,,0.1134505782113325,,,
"year
2010         NaN
2011   -0.187050
2012    0.415929
2013    0.062500
2014   -0.058824
2015    0.093750
2016    0.000000
2017    0.077143
2018   -0.087533
Name: price, dtype: float64",Morwell,,,,0.058705985730638816,,,
"year
2008         NaN
2009    0.127536
2010    0.247429
2011   -0.113344
2012   -0.011040
2013    0.057579
2014    0.088889
2015    0.153061
2016    0.061947
2017    0.132500
2018    0.024650
Name: price, dtype: float64",Boronia,,,,0.11757528264129122,,,
"year
2008         NaN
2009    0.127966
2010    0.574005
2011   -0.124105
2012   -0.106267
2013    0.154878
2014    0.079725
2015    0.028851
2016    0.164449
2017    0.083265
2018    0.017332
Name: price, dtype: float64",Northcote,,,,0.14172583531681912,,,
"year
2008         NaN
2009    0.142857
2010    0.086932
2011   -0.027705
2012   -0.069892
2013    0.112139
2014    0.035343
2015    0.108434
2016    0.061141
2017    0.382843
2018   -0.141975
Name: price, dtype: float64",Glenroy,,,,0.10901936461625175,,,
"year
2008         NaN
2009    0.239696
2010    0.057632
2011   -0.027982
2012    0.051515
2013    0.040346
2014    0.036011
2015    0.096257
2016    0.087805
2017    0.165919
2018    0.111538
Name: price, dtype: float64",Truganina,,,,0.13467135585721968,,,
"year
2008         NaN
2009    0.063830
2010    0.097500
2011   -0.031891
2012    0.058824
2013   -0.020000
2014    0.031746
2015   -0.001099
2016    0.034103
2017    0.395745
2018    0.143293
Name: price, dtype: float64",Corio,,,,0.13469197653740456,,,
"year
2008         NaN
2009    0.096121
2010    0.038908
2011    0.004013
2012    0.061947
2013    0.013889
2014    0.047945
2015   -0.006536
2016    0.073684
2017    0.090686
2018    0.101124
Name: price, dtype: float64",Leopold,,,,0.08379827130551767,,,
"year
2008         NaN
2009    0.143293
2010    0.120000
2011    0.023810
2012   -0.030233
2013    0.007194
2014    0.047619
2015    0.069318
2016    0.115834
2017    0.177143
2018    0.026699
Name: price, dtype: float64",Hillside,,,,0.10935425838371446,,,
"year
2008         NaN
2009    0.096154
2010    0.192982
2011    0.004902
2012   -0.073171
2013    0.065789
2014    0.086420
2015    0.159091
2016    0.151961
2017    0.125106
2018   -0.009077
Name: price, dtype: float64",Noble Park,,,,0.12417692914614123,,,
"year
2008         NaN
2009   -0.011688
2010    0.209264
2011   -0.038305
2012   -0.039548
2013    0.058824
2014    0.131111
2015    0.182711
2016    0.089701
2017    0.321646
2018    0.052480
Name: price, dtype: float64",Keysborough,,,,0.16192679088005862,,,
"year
2008         NaN
2009   -0.024348
2010    0.134581
2011   -0.065200
2012   -0.012605
2013    0.055319
2014    0.088710
2015    0.315556
2016    0.104730
2017    0.151886
2018   -0.061947
Name: price, dtype: float64",Cheltenham,,,,0.11468686886149124,,,
"year
2008         NaN
2009    0.190234
2010    0.117094
2011   -0.035960
2012   -0.023810
2013    0.024390
2014    0.019841
2015    0.279377
2016    0.082725
2017    0.069663
2018    0.026786
Name: price, dtype: float64",Eltham,,,,0.11477977045238022,,,
"year
2008         NaN
2009   -0.081921
2010    0.269231
2011    0.071515
2012   -0.052602
2013   -0.087761
2014    0.007853
2015    0.064935
2016    0.073171
2017    0.219318
2018    0.068966
Name: price, dtype: float64",Mernda,,,,0.09299472531411726,,,
"year
2008         NaN
2009   -0.005797
2010    0.180758
2011   -0.019753
2012   -0.008816
2013   -0.002541
2014    0.080255
2015    0.022995
2016    0.129683
2017    0.265306
2018    0.016129
Name: price, dtype: float64",Altona Meadows,,,,0.11059680001164121,,,
"year
2008         NaN
2009    0.079592
2010    0.192817
2011   -0.064976
2012   -0.025424
2013    0.173913
2014   -0.014815
2015    0.293985
2016    0.060430
2017    0.134247
2018    0.063285
Name: price, dtype: float64",Yarraville,,,,0.14262214732767187,,,
"year
2008         NaN
2009    0.443898
2010    0.122440
2011   -0.045213
2012   -0.052925
2013    0.029412
2014    0.142857
2015    0.120000
2016    0.112946
2017    0.184116
2018   -0.081978
Name: price, dtype: float64",Williamstown,,,,0.13682006965374338,,,
"year
2008         NaN
2009   -0.275591
2010    0.326087
2011   -0.013115
2012   -0.169435
2013    0.295000
2014   -0.011583
2015    0.125000
2016   -0.041667
2017    0.057971
2018    0.054795
Name: price, dtype: float64",Echuca,,,,0.06150974089727279,,,
"year
2008         NaN
2009    0.330612
2010   -0.461656
2012    0.754986
2013    0.506494
2014   -0.209591
2015   -0.019768
2016    0.018776
2017   -0.003413
2018    0.048630
Name: price, dtype: float64",Traralgon,,,,0.15210259807455007,,,
"year
2008         NaN
2009    0.202041
2010    0.001698
2011   -0.090254
2012   -0.109921
2013    0.261120
2014    0.095436
2015    0.150000
2016    0.024374
2017    0.025723
2018   -0.031034
Name: price, dtype: float64",Balwyn North,,,,0.07831185878782003,,,
"year
2008         NaN
2009    0.169082
2010    0.095041
2011   -0.037736
2012   -0.039216
2013    0.020408
2014   -0.020000
2015    0.040816
2016    0.062745
2017    0.339483
2018    0.129477
Name: price, dtype: float64",Melton,,,,0.12809941550823797,,,
"year
2008         NaN
2009    0.013559
2010    0.128763
2011   -0.088889
2012    0.020325
2013    0.389641
2014   -0.023509
2015    0.086318
2016    0.135135
2017    0.200000
2018   -0.125000
Name: price, dtype: float64",Brunswick,,,,0.11491617943547125,,,
"year
2008         NaN
2009   -0.146429
2010    0.056485
2011    0.176238
2012   -0.075758
2013   -0.030055
2014    0.107981
2015    0.033898
2016    0.047541
2017    0.087637
2018    0.298561
Name: price, dtype: float64",Torquay,,,,0.10642806523139445,,,
"year
2008         NaN
2009    0.123512
2010    0.166225
2011    0.044861
2012   -0.173913
2013    0.078947
2014    0.024390
2015    0.035714
2016    0.150575
2017    0.258741
2018   -0.000714
Name: price, dtype: float64",Thomastown,,,,0.11295482014262948,,,
"year
2008         NaN
2009   -0.120853
2010    0.287871
2011   -0.187945
2012   -0.114433
2013    0.024447
2014    0.267045
2015    0.255605
2016    0.119643
2017    0.092185
2018   -0.091706
Name: price, dtype: float64",Malvern East,,,,0.09135418644179767,,,
"year
2008         NaN
2009   -0.050000
2010    0.192982
2011    0.044118
2012    0.013620
2013    0.097725
2014    0.001266
2015    0.112516
2016    0.072727
2017    0.144068
2018    0.068519
Name: price, dtype: float64",Cranbourne East,,,,0.11345646363769746,,,
"year
2008         NaN
2009    0.122715
2010    0.172093
2011   -0.027778
2012    0.006122
2013   -0.087221
2014    0.062222
2015    0.083682
2016    0.104247
2017    0.337413
2018    0.098039
Name: price, dtype: float64",Melton South,,,,0.1449749352417729,,,
"year
2008         NaN
2009    0.019417
2010    0.158095
2011    0.052632
2012   -0.117188
2013    0.215929
2014    0.011645
2015    0.223022
2016    0.111765
2017    0.185185
2018   -0.029018
Name: price, dtype: float64",Newport,,,,0.13320868979272749,,,
"year
2008         NaN
2009    0.145372
2010    0.010540
2011    0.039548
2012    0.024247
2013    0.364898
2014    0.013756
2015    0.165192
2016    0.063291
2017    0.104762
2018   -0.068966
Name: price, dtype: float64",Wheelers Hill,,,,0.12831396978104986,,,
"year
2008         NaN
2009    0.011444
2010    0.320444
2011    0.006656
2012   -0.143802
2013    0.157819
2014    0.121301
2015    0.382900
2016   -0.004839
2017    0.133441
2018   -0.046711
Name: price, dtype: float64",Wantirna South,,,,0.14375960704510854,,,
"year
2008         NaN
2009    0.508091
2010    0.042918
2011   -0.139918
2012   -0.016746
2013    0.133820
2014    0.151931
2015    0.121461
2016    0.083056
2017    0.073926
2018   -0.114539
Name: price, dtype: float64",Glen Iris,,,,0.11162511366435839,,,
"year
2008         NaN
2009    0.062619
2010    0.214286
2011   -0.167647
2012    0.024735
2013    0.106897
2014    0.083333
2015    0.063983
2016    0.135135
2017    0.215476
2018    0.059256
Name: price, dtype: float64",Cranbourne West,,,,0.13163192094637433,,,
"year
2008         NaN
2009    0.077283
2010    0.043478
2011   -0.078125
2012   -0.106893
2013    0.154352
2014    0.122315
2015    0.140625
2016    0.109247
2017    0.021920
2018    0.063444
Name: price, dtype: float64",Brighton East,,,,0.09174485940991275,,,
"year
2008         NaN
2009    0.039503
2010    0.183496
2011   -0.034965
2012    0.069506
2013   -0.014223
2014    0.118124
2015    0.356452
2016    0.034483
2017    0.130805
2018   -0.080098
Name: price, dtype: float64",Ringwood,,,,0.12395382465943561,,,
"year
2008         NaN
2009    0.632911
2011   -0.043928
2012    0.081081
2013   -0.225000
2014    0.128710
2015    0.107459
2016    0.032258
2017    0.037500
2018    0.208434
Name: price, dtype: float64",Cowes,,,,0.15702216411775297,,,
"year
2008         NaN
2009   -0.080022
2010    0.035503
2011    0.000000
2012    0.073714
2013    0.110697
2014   -0.075228
2015    0.243523
2016    0.160417
2017    0.059246
2018    0.037288
Name: price, dtype: float64",Essendon,,,,0.09933444415933648,,,
"year
2008         NaN
2009    0.035503
2010    0.204571
2011    0.005693
2012   -0.021698
2013    0.094986
2014    0.062087
2015    0.359867
2016    0.034146
2017    0.090802
2018   -0.018378
Name: price, dtype: float64",Mulgrave,,,,0.13123844943659244,,,
"year
2008         NaN
2009    0.142857
2010    0.297500
2011    0.186898
2012    0.017857
2013   -0.314195
2014    0.023256
2015    0.376136
2016   -0.273328
2017   -0.045455
2018    0.523810
Name: price, dtype: float64",Shepparton,,,,0.1456724676744287,,,
"year
2008         NaN
2009    0.193548
2010    0.259459
2011   -0.206009
2012    0.308108
2013    0.115702
2014   -0.166667
2015   -0.022222
2016    0.075000
2017    0.057082
2018    0.000000
Name: price, dtype: float64",Portland,,,,0.08003607038941413,,,
,Glenroy,"year
2008         NaN
2009    0.271104
2010    0.123883
2012   -0.045455
2013   -0.038690
2014   -0.011765
2015    0.096491
2016    0.040000
2017    0.252747
2018   -0.035088
Name: price, dtype: float64",,,,0.11021730572045807,,
,Bentleigh East,"year
2009         NaN
2010    0.406897
2011   -0.204657
2012    0.062404
2013    0.240029
2014    0.018713
2015    0.163605
2016    0.040947
2017    0.156398
2018   -0.036885
Name: price, dtype: float64",,,,0.1416435138686369,,
,Reservoir,"year
2008         NaN
2009    0.177812
2010    0.122581
2011   -0.022989
2012   -0.034118
2013   -0.013398
2014    0.065432
2015    0.063152
2016    0.098638
2017    0.190476
2018    0.000000
Name: price, dtype: float64",,,,0.09964441310189695,,
,Pascoe Vale,"year
2008         NaN
2009    0.097852
2010   -0.021196
2011   -0.024986
2012    0.019362
2013    0.097765
2014   -0.002545
2015    0.061224
2016    0.012500
2017    0.168091
2018    0.012195
Name: price, dtype: float64",,,,0.06897494497306807,,
,Cheltenham,"year
2008         NaN
2009    0.421252
2010    0.142028
2011   -0.050847
2012   -0.004464
2013    0.058296
2014    0.008475
2015    0.083193
2016    0.256788
2017    0.104938
2018   -0.033520
Name: price, dtype: float64",,,,0.13984525196610414,,
,Mount Waverley,"year
2008         NaN
2009    0.201598
2010    0.030414
2011    0.021282
2012   -0.095855
2013    0.030568
2014    0.276271
2015    0.168659
2016    0.107955
2017    0.153846
2018   -0.044444
Name: price, dtype: float64",,,,0.13240658856355403,,
,Maribyrnong,"year
2008         NaN
2009    0.046784
2010    0.019316
2011    0.052299
2012   -0.098958
2013    0.075145
2014    0.139785
2015   -0.056604
2016    0.100000
2017    0.000000
2018    0.144545
Name: price, dtype: float64",,,,0.07133259900466052,,
,Noble Park,"year
2009         NaN
2010    0.070181
2011    0.208994
2012    0.060241
2013   -0.210057
2014    0.093289
2015    0.151316
2016    0.003429
2017    0.224374
2018    0.023256
Name: price, dtype: float64",,,,0.11229491021537043,,
,Mentone,"year
2008         NaN
2009    0.083333
2010    0.236538
2011   -0.111975
2012    0.011384
2013    0.077056
2014    0.026929
2015    0.048924
2016    0.272388
2017    0.026393
2018    0.103714
Name: price, dtype: float64",,,,0.12355973147594297,,
,Mornington,"year
2008         NaN
2009    0.082873
2010   -0.003367
2011    0.126241
2012    0.009091
2013    0.127928
2014   -0.101438
2015    0.142222
2016    0.322957
2017    0.058824
2018    0.044444
Name: price, dtype: float64",,,,0.13173064323152844,,
,Bentleigh,"year
2008         NaN
2009    0.060100
2010    0.451969
2011   -0.034707
2012   -0.056180
2013    0.023810
2014    0.139535
2015    0.234719
2016    0.030557
2017    0.026464
2018    0.000000
Name: price, dtype: float64",,,,0.12479781253877165,,
,Coburg,"year
2008         NaN
2009   -0.114458
2010    0.224490
2011   -0.044444
2012   -0.031008
2013    0.150000
2014   -0.086957
2015    0.066667
2016    0.093750
2017    0.045714
2018    0.052303
Name: price, dtype: float64",,,,0.06017113282980452,,
,Richmond,"year
2009         NaN
2010    0.506061
2011   -0.462374
2012    0.314371
2013    0.247153
2014   -0.200913
2015    0.228571
2016   -0.046512
2017    0.183415
2018   -0.126134
Name: price, dtype: float64",,,,0.0996272119640507,,
,Parkdale,"year
2008         NaN
2009   -0.136709
2010    0.202346
2011    0.046748
2012   -0.155728
2013    0.074057
2014    0.039829
2015    0.227348
2016    0.184530
2017    0.053854
2018   -0.005376
Name: price, dtype: float64",,,,0.09202155345931329,,
,Brighton,"year
2008         NaN
2009   -0.043478
2010    0.256684
2011   -0.204255
2012    0.018717
2013    0.286089
2014   -0.124490
2015    0.275058
2016    0.027422
2017   -0.092527
2018   -0.007843
Name: price, dtype: float64",,,,0.05762890094764478,,
,Clayton,"year
2008         NaN
2009    0.134709
2010    0.058824
2011    0.131313
2012   -0.021271
2013   -0.002897
2014    0.098445
2015    0.099450
2016   -0.015152
2017    0.309231
2018    0.034078
Name: price, dtype: float64",,,,0.13103466498028293,,
,Doncaster East,"year
2008         NaN
2009   -0.040476
2010   -0.023987
2011    0.038136
2012   -0.018776
2013    0.059900
2014    0.302983
2015    0.054217
2016    0.200000
2017   -0.014286
2018   -0.019324
Name: price, dtype: float64",,,,0.0910983722901669,,
,Kensington,"year
2008         NaN
2009    0.141055
2010    0.233166
2011   -0.110839
2012   -0.021723
2013    0.030638
2014    0.172727
2015    0.085271
2016   -0.026429
2017    0.291269
2018    0.109091
Name: price, dtype: float64",,,,0.1451759746601541,,
,Dandenong,"year
2008         NaN
2010   -0.045270
2012    0.075725
2013    0.118421
2014   -0.100000
2015    0.098039
2016    0.023810
2017    0.093023
2018    0.106383
Name: price, dtype: float64",,,,0.08297871879037298,,
,Glen Waverley,"year
2008         NaN
2009    0.263158
2010    0.000000
2011    0.500000
2012   -0.302222
2013    0.012739
2014    0.073113
2015    0.347985
2016    0.002717
2017    0.176152
2018   -0.041106
Name: price, dtype: float64",,,,0.15013947466692307,,
,Highett,"year
2008         NaN
2009    0.213904
2010    0.067841
2011    0.006601
2012   -0.049180
2013    0.072414
2014    0.032958
2015    0.374319
2016    0.072763
2017    0.028588
2018    0.080229
Name: price, dtype: float64",,,,0.13998785980273432,,
,Maidstone,"year
2008         NaN
2009    0.056803
2010    0.006250
2011    0.192547
2012   -0.002083
2013   -0.000522
2014    0.046475
2015    0.097804
2016    0.072727
2017    0.135593
2018   -0.055970
Name: price, dtype: float64",,,,0.08338181882194026,,
,Bundoora,"year
2008         NaN
2009   -0.032468
2010    0.055034
2011    0.005089
2012    0.068354
2013    0.122630
2014   -0.156728
2015    0.063830
2016   -0.047059
2017    0.407407
2018    0.017544
Name: price, dtype: float64",,,,0.08987848367987852,,
,Brighton East,"year
2008         NaN
2009    0.079755
2010    0.029830
2011   -0.070345
2012    0.047478
2013    0.045326
2014    0.084011
2015    0.130000
2016   -0.035398
2017    0.261468
2018   -0.023636
Name: price, dtype: float64",,,,0.09077515448854001,,
,Preston,"year
2008         NaN
2009    0.078767
2010    0.227513
2011   -0.114655
2012    0.041870
2013    0.001869
2014    0.026119
2015    0.081818
2016   -0.079832
2017    0.182648
2018    0.025097
Name: price, dtype: float64",,,,0.07064385433859924,,
,Brunswick,"year
2008         NaN
2009    0.023305
2010    0.270704
2011   -0.030550
2012   -0.015126
2013    0.073379
2014    0.017488
2015   -0.003125
2016    0.071317
2017    0.258230
2018    0.062500
Name: price, dtype: float64",,,,0.11663319930912282,,
,Croydon,"year
2008         NaN
2009    0.054054
2010   -0.038462
2011    0.071933
2012    0.144225
2013   -0.020546
2014    0.087680
2015    0.076531
2016    0.133175
2017    0.053952
2018    0.048413
Name: price, dtype: float64",,,,0.09873569774129205,,
,Beaumaris,"year
2008         NaN
2009   -0.051095
2010    0.446154
2011   -0.146809
2012    0.246883
2013   -0.095000
2014    0.085083
2015    0.232179
2016   -0.053719
2017    0.180786
2018   -0.000740
Name: price, dtype: float64",,,,0.12676223081848226,,
,Chadstone,"year
2008         NaN
2009    0.257336
2010   -0.003591
2011    0.000901
2012    0.110711
2013    0.034036
2014    0.052790
2015    0.114370
2016    0.162709
2017    0.031842
2018   -0.077951
Name: price, dtype: float64",,,,0.09623495616726,,
,Newport,"year
2008         NaN
2009   -0.037037
2010    0.120192
2011   -0.021459
2012   -0.096053
2013    0.154779
2014   -0.012605
2015    0.131915
2016    0.035338
2017    0.285403
2018   -0.027119
Name: price, dtype: float64",,,,0.09290129801939426,,
,Altona North,"year
2008         NaN
2009   -0.055556
2010    0.176471
2011    0.030000
2012   -0.063107
2013    0.041451
2014    0.014925
2015    0.156863
2016    0.025424
2017    0.353719
2018    0.043956
Name: price, dtype: float64",,,,0.12597684251718103,,
,Seaford,"year
2008         NaN
2009    0.001235
2010   -0.162762
2011    0.192931
2012    0.098765
2013    0.101124
2014   -0.122449
2015    0.197674
2016   -0.083981
2017    0.331214
2018    0.056927
Name: price, dtype: float64",,,,0.10789329862684034,,
,Hampton,"year
2009         NaN
2010    0.544402
2011   -0.040000
2012   -0.096354
2013    0.216138
2014    0.035545
2015    0.061785
2016    0.185345
2017    0.021818
2018   -0.124555
Name: price, dtype: float64",,,,0.11982942115849032,,
,Kew,"year
2009         NaN
2010    0.571429
2012   -0.107038
2013   -0.211823
2014    1.233333
2015   -0.268657
2016   -0.051020
2017    0.012903
2018    0.293524
Name: price, dtype: float64",,,,0.28895186528854633,,
,Bonbeach,"year
2008         NaN
2009   -0.468391
2010    0.264865
2011   -0.028205
2012   -0.129288
2013    0.171717
2014    0.025862
2015    0.067227
2016    0.059291
2017    0.152159
2018    0.083871
Name: price, dtype: float64",,,,0.05617485770791806,,
,Doncaster,"year
2008         NaN
2009    0.040741
2010    0.156584
2011    0.034615
2012   -0.078067
2013    0.027419
2014    0.350863
2015    0.058041
2016    0.043447
2017    0.010526
2018   -0.002083
Name: price, dtype: float64",,,,0.09636389579446261,,
,Craigieburn,"year
2011         NaN
2013   -0.119403
2014    0.149153
2015   -0.041298
2016    0.015385
2017    0.084848
2018    0.138268
Name: price, dtype: float64",,,,0.0757956403771241,,
,Frankston,"year
2009         NaN
2010    0.512121
2011   -0.468938
2012    0.628302
2013   -0.142526
2014    0.067568
2015    0.018987
2016    0.171429
2017    0.219512
2018   -0.012174
Name: price, dtype: float64",,,,0.1680492346834739,,
,Essendon,"year
2008         NaN
2010    0.336735
2011    0.473282
2012   -0.349741
2013    0.086853
2014   -0.074413
2015    0.013861
2016    0.185938
2017    0.238472
2018   -0.063830
Name: price, dtype: float64",,,,0.13606858495124793,,
,Berwick,"year
2008         NaN
2009   -0.121053
2011   -0.038323
2013    0.141968
2014   -0.082879
2015   -0.009512
2016    0.080432
2017    0.211111
2018    0.084404
Name: price, dtype: float64",,,,0.07098114106075293,,
,Mordialloc,"year
2008         NaN
2009    0.084444
2010    0.209016
2011   -0.070763
2012   -0.034656
2013   -0.017478
2014    0.272115
2015    0.012850
2016    0.223881
2017    0.140244
2018   -0.042781
Name: price, dtype: float64",,,,0.12180985804498383,,
,Broadmeadows,"year
2009         NaN
2010    0.145299
2011   -0.014925
2012   -0.121212
2013    0.051724
2014    0.019672
2015    0.004823
2016    0.096800
2017    0.152443
2018    0.160949
Name: price, dtype: float64",,,,0.09870014711724202,,
,Glen Iris,"year
2010         NaN
2011    0.107143
2012    0.265457
2013    0.054169
2014   -0.204786
2015    0.336712
2016    0.218009
2017    0.014008
2018   -0.127015
Name: price, dtype: float64",,,,0.12524182351507956,,
,Epping,"year
2008         NaN
2009    0.221922
2010    0.145813
2012   -0.147178
2013   -0.010938
2014    0.137441
2015    0.027778
2016    0.043243
2017    0.126943
2018    0.080460
Name: price, dtype: float64",,,,0.10894255497043019,,
,Mitcham,"year
2008         NaN
2009   -0.055769
2010    0.059063
2011    0.060577
2012    0.035811
2013    0.031072
2014   -0.035654
2015    0.434859
2016    0.045399
2017    0.038732
2018   -0.005650
Name: price, dtype: float64",,,,0.10112485463982027,,
,Oak Park,"year
2008         NaN
2009    0.237410
2010    0.162791
2011    0.010000
2012   -0.075248
2013   -0.162741
2014    0.278772
2015    0.122500
2016    0.069042
2017    0.158333
2018    0.010072
Name: price, dtype: float64",,,,0.12195812257731772,,
,Black Rock,"year
2008         NaN
2009    0.203810
2010    0.139557
2011    0.249653
2012   -0.092889
2013   -0.197942
2014    0.112401
2015    0.345415
2016    0.214286
2017    0.112605
2018   -0.145921
Name: price, dtype: float64",,,,0.13641168154644362,,
,Footscray,"year
2009         NaN
2010   -0.154185
2011    0.034375
2012   -0.047331
2013    0.010042
2014    0.130298
2015   -0.074074
2016    0.145000
2017    0.192140
2018   -0.134066
Name: price, dtype: float64",,,,0.02766111075124516,,
,Ascot Vale,"year
2009         NaN
2010    0.025852
2011    0.013111
2012   -0.058824
2013    0.008929
2014    0.063717
2015    0.098170
2016    0.032576
2017    0.280264
2018   -0.020057
Name: price, dtype: float64",,,,0.08877387295349894,,
,Oakleigh East,"year
2008         NaN
2009    0.080995
2010    0.067766
2011    0.095455
2012   -0.051867
2013    0.045952
2014    0.079498
2015    0.112403
2016    0.097561
2017    0.076825
2018    0.025943
Name: price, dtype: float64",,,,0.09825650725936402,,
,Reservoir,,"year
2008         NaN
2009    0.377083
2010    0.090772
2011   -0.015257
2012   -0.003521
2013    0.020495
2014   -0.013850
2015    0.067416
2016    0.065789
2017    0.209877
2018    0.071429
Name: price, dtype: float64",,,,0.12821861484127603,
,Frankston,,"year
2008         NaN
2009    0.287879
2010    0.066667
2011   -0.117647
2012    0.041667
2013    0.055000
2014    0.004739
2015    0.162264
2016    0.071429
2017    0.234848
2018    0.079755
Name: price, dtype: float64",,,,0.1402283570759348,
,Noble Park,,"year
2008         NaN
2009   -0.008850
2010    0.096429
2011    0.009772
2012    0.024194
2013   -0.007874
2014   -0.015873
2015    0.064516
2016    0.096630
2017    0.229662
2018    0.011236
Name: price, dtype: float64",,,,0.08577885594216475,
,Dandenong,,"year
2008         NaN
2009    0.029126
2010    0.090566
2011   -0.032872
2012    0.033989
2013   -0.031142
2014    0.053571
2015   -0.016949
2016    0.142241
2017    0.060377
2018    0.141637
Name: price, dtype: float64",,,,0.08097828982540978,
,Croydon,,"year
2008         NaN
2009    0.176681
2010   -0.016897
2011    0.127344
2012   -0.140679
2013    0.225726
2014    0.026383
2015    0.092949
2016    0.075660
2017    0.179935
2018    0.053604
Name: price, dtype: float64",,,,0.12667558707956542,
,Mornington,,"year
2008         NaN
2009    0.205882
2010    0.079268
2011    0.073446
2012   -0.065132
2013    0.048557
2014    0.033557
2015    0.097403
2016    0.078107
2017    0.143798
2018   -0.005758
Name: price, dtype: float64",,,,0.10202919237142065,
,Boronia,,"year
2008         NaN
2009    0.067103
2010    0.211656
2011   -0.109494
2012    0.047619
2013    0.033921
2014    0.069554
2015    0.110429
2016    0.032486
2017    0.225385
2018    0.013100
Name: price, dtype: float64",,,,0.11149321816855531,
,Ringwood,,"year
2008         NaN
2009    0.042991
2010    0.202841
2011   -0.052493
2012   -0.052942
2013    0.096850
2014    0.125333
2015    0.095735
2016    0.060229
2017    0.142274
2018   -0.026786
Name: price, dtype: float64",,,,0.09820595659296472,
,Cheltenham,,"year
2008         NaN
2009    0.265651
2010    0.076872
2011   -0.016760
2012   -0.012626
2013    0.108056
2014    0.012118
2015    0.178449
2016   -0.013062
2017    0.120588
2018    0.032371
Name: price, dtype: float64",,,,0.1100181794707746,
,Mentone,,"year
2008         NaN
2009    0.081081
2010    0.197059
2011   -0.047912
2012    0.040000
2013    0.041563
2014    0.081001
2015    0.045179
2016    0.159726
2017    0.090909
2018   -0.004167
Name: price, dtype: float64",,,,0.10400255676980652,
,Chelsea,,"year
2008         NaN
2009    0.294004
2010    0.091181
2011   -0.027397
2012   -0.035211
2013    0.120438
2014    0.048860
2015    0.100621
2016    0.072235
2017    0.175263
2018    0.065831
Name: price, dtype: float64",,,,0.1372481828736702,
,St Albans,,"year
2008         NaN
2009    0.181619
2010    0.161111
2011    0.041467
2012   -0.138591
2013    0.048889
2014    0.025424
2015    0.049587
2016    0.000000
2017    0.291339
2018    0.103659
Name: price, dtype: float64",,,,0.12121636462346534,
,Glenroy,,"year
2008         NaN
2009    0.758312
2010    0.083636
2011    0.060403
2012   -0.341772
2013    0.355769
2014    0.035461
2015   -0.003630
2016    0.072386
2017    0.243590
2018    0.032165
Name: price, dtype: float64",,,,0.17762148539682535,
,Seaford,,"year
2008         NaN
2009    0.158954
2010    0.136285
2011   -0.037433
2012    0.004762
2013   -0.020221
2014    0.101258
2015   -0.004392
2016    0.073529
2017    0.260274
2018    0.081522
Name: price, dtype: float64",,,,0.12105247371350551,
,Mount Waverley,,"year
2008         NaN
2009    0.364667
2010   -0.071812
2011    0.000000
2012   -0.018421
2013    0.147453
2014    0.048598
2015    0.185383
2016    0.240602
2017    0.030303
2018   -0.098706
Name: price, dtype: float64",,,,0.11965038183650556,
,Langwarrin,,"year
2008         NaN
2009    0.069565
2010    0.314024
2011   -0.033256
2012   -0.104000
2013    0.035714
2014    0.034310
2015    0.041840
2016    0.094400
2017    0.244152
2018    0.057579
Name: price, dtype: float64",,,,0.11930822429688878,
,Werribee,,"year
2008         NaN
2009    0.108108
2011    0.268293
2012   -0.115385
2013    0.065217
2014    0.020406
2015    0.008002
2016    0.230159
2017    0.106452
2018    0.093294
Name: price, dtype: float64",,,,0.14046486290694798,
,Pascoe Vale,,"year
2008         NaN
2009    0.054775
2010    0.166445
2011   -0.178082
2012    0.166667
2013    0.011905
2014   -0.011765
2015    0.027976
2016    0.051405
2017    0.134501
2018    0.076214
Name: price, dtype: float64",,,,0.08089140764623967,
,Carrum Downs,,"year
2008         NaN
2009    0.127523
2010   -0.235000
2011    0.328105
2012    0.177165
2013    0.036789
2014   -0.033871
2015    0.047579
2016    0.058406
2017    0.237672
2018    0.099757
Name: price, dtype: float64",,,,0.1370939825504665,
,Carnegie,,"year
2008         NaN
2009    0.064133
2010    0.064732
2011    0.142558
2012   -0.091743
2013    0.076768
2014    0.154784
2015    0.047929
2016   -0.005426
2017    0.317225
2018   -0.183432
Name: price, dtype: float64",,,,0.08754908766209309,
,Ferntree Gully,,"year
2008         NaN
2009    0.116667
2010    0.107794
2011   -0.034431
2012    0.044961
2013    0.068249
2014    0.086111
2015    0.037084
2016    0.229346
2017    0.068205
2018    0.070423
Name: price, dtype: float64",,,,0.12623244790327623,
,Ringwood East,,"year
2008         NaN
2009    0.144695
2010    0.026685
2011   -0.036936
2012    0.028764
2013    0.002416
2014    0.183884
2015    0.175102
2016   -0.034653
2017    0.235897
2018   -0.042324
Name: price, dtype: float64",,,,0.10801338980639971,
,Essendon,,"year
2008         NaN
2009    0.151130
2010    0.176687
2011   -0.186653
2012    0.189744
2013   -0.006466
2014    0.138829
2015   -0.072381
2016    0.131417
2017   -0.110708
2018    0.106122
Name: price, dtype: float64",,,,0.07290902080083306,
,Glen Waverley,,"year
2008         NaN
2009   -0.093689
2010    0.295422
2011   -0.004836
2012   -0.046729
2013    0.100000
2014    0.034759
2015    0.522825
2016   -0.246041
2017    0.410185
2018   -0.044567
Name: price, dtype: float64",,,,0.1521501864365476,
,Clayton,,"year
2008         NaN
2009   -0.054217
2010    0.152868
2011   -0.005526
2012   -0.098889
2013    0.043157
2014    0.193853
2015    0.054455
2016    0.107983
2017    0.047286
2018   -0.008739
Name: price, dtype: float64",,,,0.07123840148032719,
,Pakenham,,"year
2008         NaN
2009    0.188630
2010    0.023913
2011    0.099788
2012   -0.012548
2013   -0.022483
2014   -0.004000
2015    0.064257
2016    0.150943
2017    0.081967
2018    0.163636
Name: price, dtype: float64",,,,0.11721667691789746,
,Bentleigh East,,"year
2008         NaN
2009    0.272727
2010    0.309524
2011   -0.145455
2012    0.077660
2013    0.107601
2014    0.041889
2015    0.079555
2016   -0.041204
2017    0.421488
2018   -0.229535
Name: price, dtype: float64",,,,0.12223185060342726,
,Mitcham,,"year
2008         NaN
2009    0.186488
2010    0.047836
2011    0.317391
2012   -0.245050
2013    0.012022
2014    0.157330
2015    0.159852
2016   -0.133638
2017    0.201611
2018   -0.029366
Name: price, dtype: float64",,,,0.09573693436529648,
,Bonbeach,,"year
2008         NaN
2009    0.130000
2010    0.090339
2011   -0.065269
2012   -0.109986
2013    0.409756
2014   -0.051903
2015   -0.099757
2016    0.293243
2017    0.166144
2018   -0.022419
Name: price, dtype: float64",,,,0.117325372879819,
,Sunbury,,"year
2009         NaN
2010   -0.094545
2011    0.204819
2012    0.050000
2013    0.015873
2014   -0.040625
2015   -0.014658
2016    0.074380
2017    0.146154
2018    0.107383
Name: price, dtype: float64",,,,0.08700479752275642,
,St Kilda,,"year
2008         NaN
2009    0.216892
2010    0.134925
2011   -0.168297
2012   -0.023529
2013    0.173494
2014    0.064682
2015   -0.097396
2016    0.385684
2017   -0.116423
2018   -0.284904
Name: price, dtype: float64",,,,0.025014118061212166,
,Bayswater North,,"year
2008         NaN
2009    0.255385
2010    0.013072
2011   -0.027419
2012    0.121061
2013    0.056213
2014   -0.043417
2015    0.112738
2016    0.131579
2017    0.192126
2018   -0.022656
Name: price, dtype: float64",,,,0.11935241614928042,
,Altona,,"year
2008         NaN
2009   -0.018667
2010    0.032609
2011    0.157895
2012   -0.198864
2013    0.262411
2014    0.037079
2015    0.096966
2016    0.034074
2017    0.187202
2018    0.013677
Name: price, dtype: float64",,,,0.10076063506463395,
,Preston,,"year
2009         NaN
2010    0.320451
2011    0.013552
2012   -0.041573
2013    0.071512
2014   -0.010941
2015   -0.013274
2016    0.062780
2017    0.072785
2018    0.047198
Name: price, dtype: float64",,,,0.0840938017217256,
,Berwick,,"year
2008         NaN
2009   -0.040000
2010    0.354167
2011    0.081538
2012   -0.004267
2013    0.000000
2014    0.032143
2015    0.032526
2016    0.032172
2017    0.194805
2018    0.097826
Name: price, dtype: float64",,,,0.12114391848554514,
,Thomastown,,"year
2008         NaN
2009    0.267943
2010    0.226415
2011   -0.200000
2012    0.115385
2013    0.086207
2014   -0.051587
2015   -0.012552
2016    0.101695
2017    0.276923
2018    0.062651
Name: price, dtype: float64",,,,0.13279110654360343,
,Greensborough,,"year
2008         NaN
2009    0.372414
2010   -0.038945
2011   -0.058824
2012    0.083333
2013    0.006410
2014    0.008917
2015    0.080808
2016    0.168224
2017    0.214950
2018   -0.081444
Name: price, dtype: float64",,,,0.11126955971140835,
,Belmont,,"year
2008         NaN
2009   -0.142857
2010    0.290476
2011   -0.068266
2012   -0.029703
2013   -0.038776
2014    0.008493
2015    0.284211
2016    0.032787
2017   -0.047619
2018    0.150000
Name: price, dtype: float64",,,,0.07682219683594041,
,Brighton,,"year
2008         NaN
2009    0.131791
2010    0.073778
2011   -0.044702
2012    0.128250
2013   -0.009217
2014    0.444186
2015   -0.087493
2016    0.035294
2017    0.159091
2018    0.071569
Name: price, dtype: float64",,,,0.14120135527788108,
,Doncaster East,,"year
2008         NaN
2009    0.066991
2010    0.347032
2011   -0.106780
2012   -0.083491
2013    0.099379
2014    0.134652
2015    0.082158
2016    0.019939
2017    0.330827
2018   -0.214689
Name: price, dtype: float64",,,,0.09736887745245189,
,Bayswater,,"year
2008         NaN
2009   -0.030769
2010    0.200000
2011   -0.259259
2012    0.185714
2013    0.042169
2014    0.028902
2015    0.264045
2016    0.122222
2017    0.103960
2018    0.018834
Name: price, dtype: float64",,,,0.11426819141360833,
,Parkdale,,"year
2008         NaN
2009   -0.269613
2010    0.362330
2011   -0.111605
2012    0.005000
2013   -0.029851
2014    0.147436
2015    0.128492
2016    0.040594
2017    0.103711
2018    0.048276
Name: price, dtype: float64",,,,0.07763636449770943,
,Cranbourne,,"year
2009         NaN
2010    0.062626
2011    0.045627
2012   -0.072364
2013   -0.068993
2014    0.157895
2015    0.072727
2016   -0.033898
2017    0.250877
2018    0.122020
Name: price, dtype: float64",,,,0.10729179071894512,
,Hastings,,"year
2008         NaN
2009    0.368153
2010    0.150652
2011    0.084237
2012   -0.125308
2013    0.058020
2014   -0.096774
2015    0.053571
2016    0.001695
2017    0.082910
2018    0.243750
Name: price, dtype: float64",,,,0.11911711783669703,
,Brunswick West,,"year
2008         NaN
2009    0.181171
2010   -0.107837
2011    0.043544
2012    0.151079
2013   -0.006250
2014    0.010063
2015    0.023039
2016   -0.062690
2017    0.129870
2018    0.011494
Name: price, dtype: float64",,,,0.05407921366504118,
,Narre Warren,,"year
2008         NaN
2009    0.103753
2010    0.160000
2011    0.017241
2012   -0.084746
2013    0.074074
2014    0.008621
2015    0.059829
2016    0.040323
2017    0.265116
2018    0.041667
Name: price, dtype: float64",,,,0.10961462856228969,
,Clayton South,,"year
2008         NaN
2009   -0.001560
2010    0.265625
2011   -0.172222
2012    0.036540
2013    0.093525
2014    0.048684
2015    0.089084
2016   -0.002880
2017    0.311381
2018   -0.059912
Name: price, dtype: float64",,,,0.09805415326178461,
,Dandenong North,,"year
2009         NaN
2010    0.327762
2011   -0.272727
2012    0.086538
2013    0.150442
2014    0.015385
2015   -0.053788
2016    0.219376
2017    0.131682
2018    0.044355
Name: price, dtype: float64",,,,0.11694942021386982,
,Bentleigh,,"year
2008         NaN
2009   -0.074201
2010    0.245376
2011    0.021782
2012    0.020107
2013    0.019235
2014    0.103448
2015    0.277449
2016    0.130579
2017   -0.043275
2018    0.039120
Name: price, dtype: float64",,,,0.11663891522825547,
,Balwyn,,"year
2008         NaN
2009   -0.083333
2010   -0.109091
2011    0.074830
2012    0.118143
2013    0.112264
2014    0.102629
2015    0.369231
2016   -0.095506
2017    0.068323
2018    0.151163
Name: price, dtype: float64",,,,0.1260628620656848,
,Melbourne,,,"year
2008         NaN
2009   -0.096110
2010    0.063291
2011    0.071429
2012   -0.111111
2013    0.015000
2014    0.065271
2015    0.035838
2016   -0.051339
2017    0.075294
2018    0.018381
Name: price, dtype: float64",,,,0.01827980808285292
,St Kilda,,,"year
2008         NaN
2009    0.256738
2010    0.034424
2011   -0.057283
2012   -0.071759
2013    0.128429
2014    0.038674
2015   -0.023936
2016    0.035422
2017    0.010526
2018    0.041667
Name: price, dtype: float64",,,,0.05297134610425449
,Southbank,,,"year
2008         NaN
2009    0.056180
2010    0.107979
2011   -0.001440
2012   -0.014423
2013    0.095122
2014    0.003118
2015   -0.031972
2016    0.009174
2017   -0.001818
2018    0.001821
Name: price, dtype: float64",,,,0.02793299204795651
,South Yarra,,,"year
2008         NaN
2009    0.607339
2010    0.560502
2011   -0.291880
2012    0.033058
2013    0.315000
2014   -0.201521
2015   -0.057143
2016    0.020202
2017    0.063366
2018   -0.013035
Name: price, dtype: float64",,,,0.11911256831652375
,Docklands,,,"year
2008         NaN
2009   -0.051988
2010    0.306452
2011   -0.176955
2012    0.120000
2013   -0.080357
2014    0.101942
2015    0.017621
2016   -0.099567
2017    0.074785
2018    0.053431
Name: price, dtype: float64",,,,0.03907734556480933
,Richmond,,,"year
2008         NaN
2009    0.079812
2010    0.043478
2011    0.078646
2012    0.004346
2013   -0.024038
2014   -0.109360
2015    0.134956
2016   -0.021442
2017   -0.023904
2018    0.066327
Name: price, dtype: float64",,,,0.031532090128819946
,Elwood,,,"year
2008         NaN
2009    0.093863
2010    0.144114
2011    0.000000
2012   -0.067308
2013   -0.002062
2014    0.038223
2015    0.094527
2016    0.018182
2017   -0.026786
2018    0.012844
Name: price, dtype: float64",,,,0.040823886965160774
,St Kilda East,,,"year
2008         NaN
2009    0.140710
2010    0.147059
2011   -0.097436
2012   -0.147727
2013    0.268000
2014   -0.035752
2015    0.104689
2016   -0.052320
2017    0.116667
2018    0.019123
Name: price, dtype: float64",,,,0.06862725783765969
,Hawthorn,,,"year
2008         NaN
2009    0.024772
2010    0.155216
2011   -0.024229
2012    0.020316
2013    0.034292
2014    0.000000
2015    0.026738
2016    0.010417
2017   -0.047216
2018    0.123134
Name: price, dtype: float64",,,,0.04826515048269886
,Carlton,,,"year
2008         NaN
2009   -0.266223
2010    0.303855
2011   -0.250435
2012   -0.002320
2013    0.046512
2014    0.166667
2015    0.085714
2016   -0.078947
2017    0.148571
2018    0.247098
Name: price, dtype: float64",,,,0.0859491648779325
,Prahran,,,"year
2008         NaN
2009    0.057595
2010    0.131059
2011    0.007407
2012    0.065126
2013   -0.132150
2014    0.102273
2015   -0.009794
2016   -0.014055
2017    0.013728
2018    0.017708
Name: price, dtype: float64",,,,0.030639336154133456
,Port Melbourne,,,"year
2008         NaN
2009    0.087234
2010    0.155577
2011   -0.034716
2012    0.109649
2013   -0.051542
2014    0.018503
2015    0.010638
2016   -0.060729
2017    0.030172
2018    0.071130
Name: price, dtype: float64",,,,0.04516807804423535
,Brunswick,,,"year
2008         NaN
2009    0.009284
2010    0.053876
2011    0.022444
2012   -0.032927
2013   -0.020807
2014    0.081777
2015    0.091667
2016   -0.007634
2017    0.000000
2018    0.103297
Name: price, dtype: float64",,,,0.050626268983380164
,Toorak,,,"year
2009         NaN
2010    0.074109
2011    0.122271
2012   -0.268482
2013    0.237234
2014    0.040413
2015   -0.028926
2016   -0.072340
2017    0.137615
2018    0.037097
Name: price, dtype: float64",,,,0.049865955986818825
,Carnegie,,,"year
2008         NaN
2009    0.081040
2010    0.001414
2011    0.005650
2012    0.006320
2013   -0.004606
2014    0.149748
2015   -0.057927
2016   -0.000647
2017    0.139896
2018   -0.023864
Name: price, dtype: float64",,,,0.04581567714431282
,Footscray,,,"year
2008         NaN
2009    0.032833
2010   -0.000908
2011   -0.003636
2012    0.001825
2013    0.366120
2014   -0.104000
2015    0.011905
2016    0.095588
2017    0.067114
2018    0.022013
Name: price, dtype: float64",,,,0.07794730586363864
,North Melbourne,,,"year
2008         NaN
2009    0.062987
2010    0.050703
2011   -0.034884
2012    0.048193
2013    0.034483
2014    0.061667
2015   -0.005756
2016    0.044211
2017   -0.055948
2018    0.049653
Name: price, dtype: float64",,,,0.03654395845114764
,South Melbourne,,,"year
2008         NaN
2009    0.045752
2010    0.093750
2011   -0.047619
2012    0.070000
2013   -0.030374
2014    0.098795
2015   -0.052632
2016    0.037037
2017   -0.017857
2018   -0.032727
Name: price, dtype: float64",,,,0.018924344254695726
,Doncaster,,,"year
2008         NaN
2009   -0.233661
2010    0.204836
2011   -0.028575
2012   -0.074119
2013   -0.125000
2014    0.119048
2015    0.212766
2016   -0.122807
2017    0.170000
2018   -0.151282
Name: price, dtype: float64",,,,0.001192383510860029
,Caulfield North,,,"year
2008         NaN
2009    0.080000
2010    0.197168
2011   -0.168335
2012   -0.310722
2013    0.307937
2014    0.048544
2015    0.192130
2016    0.029612
2017    0.018388
2018   -0.024074
Name: price, dtype: float64",,,,0.05770392701392664
,Glen Iris,,,"year
2008         NaN
2009    0.156944
2010    0.204082
2011   -0.085743
2012   -0.088332
2013    0.140550
2014   -0.056633
2015    0.138410
2016   -0.042480
2017    0.055584
2018    0.036715
Name: price, dtype: float64",,,,0.06404908308392601
,Essendon,,,"year
2008         NaN
2009   -0.028986
2010    0.231343
2011    0.103030
2012   -0.232418
2013    0.195419
2014   -0.108982
2015    0.129032
2016   -0.021429
2017    0.021898
2018    0.056548
Name: price, dtype: float64",,,,0.0508524022757596
,Hawthorn East,,,"year
2008         NaN
2009    0.203438
2010    0.142857
2011    0.069792
2012   -0.087634
2013   -0.066169
2014    0.186857
2015   -0.035147
2016    0.017964
2017    0.049510
2018   -0.000467
Name: price, dtype: float64",,,,0.06286912025481065
,Thornbury,,,"year
2008         NaN
2009   -0.254373
2010    0.260997
2011    0.135194
2012    0.164982
2013   -0.093787
2014   -0.051746
2015    0.156889
2016   -0.096698
2017    0.083551
2018   -0.009639
Name: price, dtype: float64",,,,0.044876397166929934
,Northcote,,,"year
2008         NaN
2009    0.548232
2010   -0.034268
2011   -0.195699
2012   -0.100267
2013    0.185736
2014   -0.011278
2015    0.127376
2016    0.061270
2017   -0.110169
2018    0.269048
Name: price, dtype: float64",,,,0.10833081955742889
,Armadale,,,"year
2009         NaN
2010    0.063209
2011   -0.131098
2012    0.362573
2013   -0.287554
2014    0.265060
2015    0.051429
2016   -0.118207
2017    0.232666
2018   -0.041667
Name: price, dtype: float64",,,,0.07102005874145342
,Elsternwick,,,"year
2008         NaN
2009    0.157074
2010    0.036269
2011   -0.122500
2012    0.233162
2013   -0.095278
2014   -0.150153
2015    0.232272
2016   -0.022677
2017    0.187625
2018   -0.021008
Name: price, dtype: float64",,,,0.06688334275177348
,Kensington,,,"year
2008         NaN
2009    0.055556
2010    0.293233
2011   -0.058140
2012   -0.060494
2013    0.059133
2014    0.017370
2015    0.060976
2016   -0.017241
2017    0.099415
2018    0.015957
Name: price, dtype: float64",,,,0.06626365367514796
,Brunswick West,,,"year
2008         NaN
2009   -0.036545
2010    0.062914
2011    0.107074
2012   -0.097436
2013    0.030844
2014    0.200787
2015   -0.001311
2016   -0.028234
2017    0.118916
2018   -0.009659
Name: price, dtype: float64",,,,0.05591807969154992
,East Melbourne,,,"year
2008         NaN
2009   -0.188293
2010    0.322115
2011   -0.172727
2012    0.070495
2013    0.313966
2014   -0.179688
2015    0.306667
2016   -0.109329
2017    0.080196
2018   -0.031818
Name: price, dtype: float64",,,,0.06502895214933208
,Maribyrnong,,,"year
2008         NaN
2009    0.119475
2010    0.186567
2011   -0.018868
2012    0.004487
2013    0.072112
2014   -0.022619
2015   -0.031669
2016    0.001258
2017    0.110553
2018    0.018100
Name: price, dtype: float64",,,,0.06037112083863405
,Kew,,,"year
2008         NaN
2009   -0.071579
2010    0.156463
2011    0.105392
2012    0.039468
2013    0.003413
2014    0.051020
2015   -0.122168
2016    0.036866
2017    0.065778
2018   -0.007506
Name: price, dtype: float64",,,,0.035667378997142334
,Box Hill,,,"year
2008         NaN
2009    0.491089
2010   -0.017264
2011    0.054054
2012    0.128205
2013    0.018182
2014   -0.029018
2015   -0.020690
2016   -0.049296
2017    0.143210
2018    0.063715
Name: price, dtype: float64",,,,0.1025706256817831
,Collingwood,,,"year
2008         NaN
2009    0.580364
2010    0.072144
2011   -0.252336
2012    0.262500
2013    0.124752
2014   -0.228873
2015   -0.063927
2016    0.451220
2017   -0.107143
2018    0.039059
Name: price, dtype: float64",,,,0.11634334676520774
,Brunswick East,,,"year
2008         NaN
2009   -0.093373
2010    0.136213
2011    0.023977
2012    0.039406
2013   -0.053846
2014    0.012776
2015    0.052752
2016   -0.030501
2017    0.030337
2018   -0.056707
Name: price, dtype: float64",,,,0.006575857191333784
,Preston,,,"year
2008         NaN
2009    0.243664
2010   -0.000584
2011   -0.068182
2012    0.039721
2013    0.016086
2014    0.002639
2015    0.026316
2016   -0.012821
2017    0.087662
2018    0.014925
Name: price, dtype: float64",,,,0.0480722602331904
,Malvern East,,,"year
2008         NaN
2009    0.166775
2010    0.124622
2011   -0.096698
2012    0.446875
2013   -0.188985
2014    0.022636
2015    0.041667
2016    0.212500
2017   -0.259794
2018    0.012535
Name: price, dtype: float64",,,,0.0570451653039453
,West Melbourne,,,"year
2008         NaN
2009    0.180488
2010    0.105372
2011   -0.065421
2012   -0.035000
2013    0.152332
2014   -0.055755
2015    0.095238
2016   -0.163478
2017    0.179314
2018   -0.117772
Name: price, dtype: float64",,,,0.030302186046017775
,Dandenong,,,"year
2008         NaN
2009   -0.267206
2010    0.740331
2011    0.031746
2012   -0.323077
2013    0.079545
2014   -0.094737
2015    0.055814
2016    0.026432
2017    0.137339
2018    0.094340
Name: price, dtype: float64",,,,0.07432563126939346
,Fitzroy,,,"year
2008         NaN
2009    0.261538
2010    0.463415
2011   -0.106667
2012   -0.292910
2013    0.517150
2014   -0.106087
2015    0.167315
2016    0.033333
2017    0.032258
2018    0.062500
Name: price, dtype: float64",,,,0.14317611586143578
,Abbotsford,,,"year
2008         NaN
2009    0.804615
2010   -0.283887
2011    0.327381
2012    0.073991
2013    0.277662
2014   -0.270588
2015   -0.193548
2016    0.019444
2017    0.100817
2018   -0.058416
Name: price, dtype: float64",,,,0.0837835352403733
,Moonee Ponds,,,"year
2008         NaN
2009    0.015152
2010    0.447761
2011   -0.097938
2012   -0.074286
2013    0.002469
2014    0.041872
2015   -0.007092
2016    0.094048
2017   -0.020675
2018    0.015556
Name: price, dtype: float64",,,,0.05424175492031304
,Brighton,,,"year
2008         NaN
2009    0.186879
2010   -0.043551
2011   -0.001751
2012    0.092982
2013    0.332263
2014   -0.190361
2015    0.005125
2016   -0.026566
2017   -0.041240
2018    0.102501
Name: price, dtype: float64",,,,0.05625604352169149
,St Kilda West,,,"year
2008         NaN
2009   -0.145349
2010    0.537415
2011    0.019469
2012   -0.045139
2013   -0.109091
2014   -0.004082
2015   -0.021516
2016    0.146597
2017    0.022831
2018   -0.075893
Name: price, dtype: float64",,,,0.03958523102863637
,Murrumbeena,,,"year
2008         NaN
2009    0.075077
2010    0.502576
2011   -0.225397
2012   -0.039344
2013    0.303754
2014   -0.174084
2015    0.045959
2016   -0.048485
2017    0.386146
2018   -0.008616
Name: price, dtype: float64",,,,0.12219792491944588
,Ascot Vale,,,"year
2008         NaN
2009    0.093776
2010   -0.061710
2011    0.192722
2012   -0.162147
2013    0.024949
2014    0.073684
2015    0.053922
2016    0.046512
2017    0.072222
2018   -0.034197
Name: price, dtype: float64",,,,0.04521702813245447
,Malvern,,,"year
2009         NaN
2010    0.306393
2011   -0.085873
2012    0.414141
2013   -0.441786
2014    0.458733
2015    0.049123
2016    0.045151
2017   -0.235200
2018    0.150523
Name: price, dtype: float64",,,,0.10289730909225064
,Glen Huntly,,,"year
2008         NaN
2009    0.526235
2010    0.284581
2011   -0.001105
2012   -0.181416
2013   -0.251351
2014    0.350181
2015    0.085561
2016   -0.002463
2017    0.061728
2018    0.070930
Name: price, dtype: float64",,,,0.12483637261479867
,Coburg,,,"year
2008         NaN
2009   -0.236842
2010    0.034483
2011    0.166667
2012   -0.157143
2013    0.080508
2014    0.090196
2015    0.057554
2016    0.035947
2017    0.066427
2018    0.064039
Name: price, dtype: float64",,,,0.04594326504007416
,Flemington,,,"year
2008         NaN
2009   -0.008834
2010    0.495544
2011    0.025030
2012   -0.024884
2013   -0.061531
2014   -0.141677
2015    0.139896
2016   -0.057143
2017    0.159780
2018   -0.049881
Name: price, dtype: float64",,,,0.06024418138754095
